{
	"id": "2e70d696-3e6b-43e4-a08d-5211c95354eb",
	"name": "DemoEditor",
	"values": [
		{
			"key": "AuthorsURL",
			"value": "http://authors:82",
			"type": "default",
			"enabled": true
		},
		{
			"key": "BooksURL",
			"value": "http://books:81",
			"type": "default",
			"enabled": true
		},
		{
			"key": "MiddleOfficeURL",
			"value": "http://middleoffice:83",
			"type": "default",
			"enabled": true
		},
		{
			"key": "idRequest",
			"value": "",
			"type": "any",
			"enabled": true
		},
		{
			"key": "UsersURL",
			"value": "http://users:84",
			"type": "default",
			"enabled": true
		},
		{
			"key": "CMISURL",
			"value": "http://edm:8080/alfresco/api/-default-/public/cmis/versions/1.1/browser",
			"type": "default",
			"enabled": true
		}
	],
	"_postman_variable_scope": "environment",
	"_postman_exported_at": "2024-05-12T16:50:46.610Z",
	"_postman_exported_using": "Postman/11.0.12"
}